a.fish@lancaster.ac.uk = Adrian Fish <a.fish@lancaster.ac.uk>
aaronz@vt.edu = Aaron Zeckoski <azeckoski@vt.edu>
ajpoland@iupui.edu = Andrew Poland <andrew@poland.cx>
alex@asic.udl.es = sinmsinm <alex.balleste@gmail.com>
antranig@caret.cam.ac.uk = Antranig Basman <amb26ohloh@ponder.org.uk>
arwhyte@umich.edu = Anthony Whyte <arwhyte@umich.edu>
azeckoski@unicon.net = Aaron Zeckoski <azeckoski@vt.edu>
bahollad@indiana.edu = Bryan Holladay <holladay@longsight.com>
ben.holmes@it.ox.ac.uk = Ben Holmes <bdvholmes@gmail.com>
benbr@mit.edu = Ben Brophy <ben@lordrex.com>
bkirschn@umich.edu = Beth Kirschner <bkirschn@umich.edu>
botimer@umich.edu = Noah Botimer <botimer@umich.edu>
carl@hallwaytech.com = Carl Hall <carl.hall@gmail.com>
chmaurer@iupui.edu = Chris Maurer <maurercw@gmail.com>
clayf@bu.edu = Clay Fenlason <khomotso@gmail.com>
colin.clark@utoronto.ca = Colin Clark <colinbdclark@gmail.com>
csev@umich.edu = Charles Severance <csev@umich.edu>
darolmar@upvnet.upv.es = David Roldan Martinez <darolmar@gmail.com>
david.horwitz@uct.ac.za = David Horwitz <dhorwitz@gmail.com>
dgcliff@iu.edu = David Cliff <d.cliff@neu.edu>
dlhaines@umich.edu = David Haines <dlhaines@umich.edu>
dmccallum@unicon.net = Dan McCallum <dan.mccallum@gmail.com>
duffy@email.arizona.edu = Duffy Gillman <duffy@rsmart.com>
duffy@rsmart.com = Duffy Gillman <duffy@rsmart.com>
earle.nietzel@gmail.com = Earle Nietzel <earle.nietzel@gmail.com>
eli@media.berkeley.edu = Eli Cochran <eli.cochran@berkeley.edu>
enietzel@anisakai.com = Earle Nietzel <enietzel@anisakai.com>
gaojun@fudan.edu.cn = Gao Jun <gaojun@fudan.edu.cn>
ggolden@umich.edu = Glenn R. Golden <ggolden@etudes.org>
gjthomas@iu.edu = Gregory J Thomas <gjthomas@iu.edu>
gjthomas@iupui.edu = Gregory J Thomas <gjthomas@iu.edu>
gsilver@umich.edu = Gonzalo Silverio <gsilver@umich.edu>
hedrick@rutgers.edu = Charles Hedrick <hedrick@rutgers.edu>
holladay@longsight.com = Bryan Holladay <holladay@longsight.com>
ian@caret.cam.ac.uk = Ian Boston <ieb@tfd.co.uk>
jbush@anisakai.com = John Bush <johntylerbush@gmail.com>
jbush@rsmart.com = John Bush <johntylerbush@gmail.com>
jeney@rutgers.edu = Eric Jeney <me@ericjeney.com>
jholtzman@berkeley.edu = Josh Holtzman <jmholtzman@gmail.com>
jimeng@umich.edu = Jim Eng <jimeng@umich.edu>
jleasia@umich.edu = John Leasia <jleasia@umich.edu>
jmpease@syr.edu = Jim Pease <jmpease@codeserv.us>
jonespm@umich.edu = Matthew Jones <jonespm@gmail.com>
joshua.ryan@asu.edu = Joshua Ryan <josh@jryan.net>
lance = Lance Speelmon <lance@rsmart.com>
lance@indiana.edu = Lance Speelmon <lance@rsmart.com>
lydial@stanford.edu = Lydia Li <lydial@stanford.edu>
mark.reilly@nyu.edu = Mark Reilly <mark@alienresident.net>
marquard@ched.uct.ac.za = Stephen Marquard <stephen.marquard@uct.ac.za>
matthew.buckett@it.ox.ac.uk = Matthew Buckett <buckett@bumph.org>
matthew.buckett@oucs.ox.ac.uk = Matthew Buckett <buckett@bumph.org>
matthew@longsight.com = Matthew Jones <jonespm@gmail.com>
mbreuker@loi.nl = Mark Breuker <mbreuker@gmail.com>
miguel.carro@samoo.es = Miguel Carro Pellicer <miguel@educlever.es>
miguel@educlever.es = Miguel Carro Pellicer <miguel@educlever.es>
mmmay@indiana.edu = Megan May <meganmay@gmail.com>
nbotimer@unicon.net = Noah Botimer <nbotimer@unicon.net>
neal.caidin@apereo.org = Neal Caidin <neal.caidin@apereo.org>
nealcaidin@sakaifoundation.org = Neal Caidin <neal.caidin@apereo.org>
nicola@longsight.com = Nicola Monat-Jacobs <nicolamj@gmail.com>
njbotime@svsu.edu = Noah Botimer <noah@botimer.net>
nuno@ufp.edu.pt = Nuno Fernandes <nfgrilo@gmail.com>
nuno@ufp.pt = Nuno Fernandes <nfgrilo@gmail.com>
ostermmg@whitman.edu = Mike O. <mike.osterman@gmail.com>
ottenhoff@longsight.com = Sam Ottenhoff <ottenhoff@longsight.com>
phaggood@umich.edu = Patrick Haggood <patrick@haggood.com>
pushyami@umich.edu = Pushyami Gundala <pushyami@umich.edu>
ray@media.berkeley.edu = Ray Davis <raydavis@berkeley.edu>
reggiejr@umich.edu = Reggie Rodrigues <reggiejr@umich.edu>
richpala@umich.edu = Richard Palacios <richpala@umich.edu>
rlong@unicon.net = Robert Long <rlong@unicon.net>
s-githens@northwestern.edu = Steven Githens <swgithen@mtu.edu>
s.swinsburg@lancaster.ac.uk = Steve Swinsburg <steve.swinsburg@gmail.com>
savithap@umich.edu = Savitha Prakash <savithap@umich.edu>
sgithens@caret.cam.ac.uk = Steven Githens <swgithen@mtu.edu>
slt@columbia.edu = Seth Theriault <seththeriault@gmail.com>
stephen.marquard@uct.ac.za = Stephen Marquard <stephen.marquard@uct.ac.za>
steve.swinsburg@gmail.com = Steve Swinsburg <steve.swinsburg@gmail.com>
stuart.freeman@et.gatech.edu = D. Stuart Freeman <stuart.freeman@et.gatech.edu>
swgithen@mtu.edu = Steven Githens <swgithen@mtu.edu>
wagnermr@iupui.edu = Michelle Wagner <wagnermr@iu.edu>
zach.thomas@txstate.edu = Zach A. Thomas <zach@aeroplanesoftware.com>
zach@aeroplanesoftware.com = Zach A. Thomas <zach@aeroplanesoftware.com>
zqian@umich.edu = Zhen Qian <zqian@umich.edu>
alistair@smo.uhi.ac.uk = Alistair Young <alistair@smo.uhi.ac.uk>
andersjb@iupui.edu = Jon Anderson <andersjb@iupui.edu>
andrew@caret.cam.ac.uk = Andrew Thornton <andrew@caret.cam.ac.uk>
b.toeter@uva.nl = Bas Toeter <b.toeter@uva.nl>
bbiltimier@rsmart.com = Brooke Biltimier <brooke.biltimier@rsmart.com>
brooke.biltimier@rsmart.com = Brooke Biltimier <brooke.biltimier@rsmart.com>
charlieg@eden.rutgers.edu = Charlie Groll <charlieg@eden.rutgers.edu>
chris@dunstall.com.au = Chris Dunstall <chris@dunstall.com.au>
cwen@iupui.edu = Chen Wen <cwen@iupui.edu>
d.b.robinson@lancaster.ac.uk = Daniel Robinson <d.b.robinson@lancaster.ac.uk>
daisyf@stanford.edu = Daisy Flemming <daisyf@stanford.edu>
ddewolf@apache.org = David DeWolf <ddewolf@apache.org>
deabuels@us.ibm.com = Deyaa Abuelsaad <deabuels@us.ibm.com>
dsobiera@indiana.edu = Damian Sobiera <dsobiera@indiana.edu>
esmiley@stanford.edu = Ed Smiley <esmiley@stanford.edu>
gbhatnag@umich.edu = Gaurav Bhatnagar <gbhatnag@umich.edu>
guangzheng.liu@yale.edu = Guangzheng Liu <guangzheng.liu@yale.edu>
hquinn@stanford.edu = Helen Quinn <hquinn@stanford.edu>
htripath@indiana.edu = Ella Slis <htripath@indiana.edu>
hu2@iupui.edu = Xing Tan Hu <hu2@iupui.edu>
janderse@umich.edu = John Andersen <janderse@umich.edu>
jean-francois.leveque@upmc.fr = Jean-Francois Leveque <jean-francois.leveque@upmc.fr>
jlannan@iupui.edu = Jarrod Lannan <jlannan@iupui.edu>
john.ellis@rsmart.com = John Ellis <john.ellis@rsmart.com>
joneric.wennerstrom@rsmart.com = Joneric Wennerstrom <joneric.wennerstrom@rsmart.com>
jonrcook@indiana.edu = Jon Cook <jonrcook@indiana.edu>
josrodri@iupui.edu = josrodri <josrodri@iupui.edu>
jrcasey@us.ibm.com = Joe Casey <jrcasey@us.ibm.com>
kajita@nagoya-u.jp = Shoji Kajita <kajita@nagoya-u.jp>
katherine.edwards2@mail.mcgill.ca = Katherine Edwards <katherine.edwards2@mail.mcgill.ca>
khancock@iu.edu = Kristol Hancock <khancock@iu.edu>
khancock@iupui.edu = Kristol Hancock <khancock@iu.edu>
knoop@umich.edu = Peter Knoop <knoop@umich.edu>
ktsao@stanford.edu = Karen Tsao <ktsao@stanford.edu>
louis@media.berkeley.edu = Louis Majanja <louis@media.berkeley.edu>
lovemore.nalube@uct.ac.za = Lovemore Nalube <lovemore.nalube@uct.ac.za>
markjnorton@earthlink.net = Mark Norton <markjnorton@earthlink.net>
michael.desimone@rsmart.com = Michael DeSimone <michael.desimone@rsmart.com>
natjohns@indiana.edu = Nate Johnson <natjohns@indiana.edu>
oliver@media.berkeley.edu = Oliver Heyer <oliver@media.berkeley.edu>
rjlowe@iupui.edu = Ryan Lowe <rjlowe@iupui.edu>
rshastri@iupui.edu = Rashmi Shastri <rshastri@iupui.edu>
rwellis@umich.edu = Richard Ellis <rwellis@umich.edu>
skane9@rutgers.edu = Stephen Kane <skane9@rutgers.edu>
ssmail@indiana.edu = Steve Smail <ssmail@indiana.edu>
suiyy@umich.edu = Joanne Yuanyuan Sui <suiyy@umich.edu>
T.F.Kuipers@uva.nl = T. F. Kuipers <T.F.Kuipers@uva.nl>
tnguyen@iupui.edu = Tan Nguyen <tnguyen@iupui.edu>
wang58@iupui.edu = Ying Wang <wang58@iupui.edu>
yorkadam@umich.edu = Adam York <yorkadam@umich.edu>
zqingru@stanford.edu = Qingru Zhang <zqingru@stanford.edu>
jjmerono@um.es = Juan José Meroño Sánchez <jjmerono@um.es>
mgillian@unicon.net = Michael Gillian <mgillian@unicon.net>
bjones86@uwo.ca = Brian Jones <bjones86@uwo.ca>
lsloan@umich.edu = Lance E Sloan <lsloan@umich.edu>
michael.appleby@yale.edu = Michael Appleby <michael.appleby@yale.edu>
sacha.lepretre@crim.ca = Sacha Leprêtre <sacha.lepretre@crim.ca>
dstu@umich.edu = Dan Stuart <dstu@umich.edu>
ericeche@umich.edu = Eric Echeverri <ericeche@umich.edu>
